,short-term,long-term
0,0.8546350566378064,0.7126991583694084
1,0.8988833333333335,0.7814999999999998
2,0.8419014076479081,0.8056247843267846
3,0.9152816666666671,0.82699
4,0.866134305722056,0.7117265286380292
5,0.8297253816183823,0.74050568496781
6,0.8297972936507938,0.7195131368076362
7,0.8495369931457433,0.7296528917748921
8,0.778916952380952,0.7904589384920634
9,0.8665409168331674,0.675180008019758
10,0.8742994394771897,0.8451538447843009
11,0.8331846606449105,0.7648564967018275
12,0.8196458149350644,0.8119667954545458
13,0.8101156276501285,0.8364139649141714
14,0.8765924941169946,0.8475458800088805
15,0.8958946428571433,0.8477557142857144
16,0.8106991072261077,0.8915384530885783
17,0.8944354025974022,0.7866192871572874
18,0.8854719274891772,0.7664294870129873
19,0.8688413264790765,0.771360776154401
20,0.8096008134920631,0.7194807202380953
21,0.8658441666666667,0.7714341666666672
22,0.8453582564380067,0.7345687657799722
23,0.8810307824397828,0.7412176478007291
24,0.87099960014985,0.7371243320707072
25,0.8086401179653688,0.7551357909769972
26,0.8426923030303034,0.6813771515151511
27,0.8401667449494954,0.7366143343502902
28,0.8325095048562545,0.7273637927391238
29,0.8365377724775227,0.7039708672756985
30,0.8689848333333334,0.7256523571428573
31,0.802639255411255,0.6967242467532471
32,0.9031656666666654,0.7277876666666658
33,0.8353297021312023,0.7561801529899842
34,0.827431814935065,0.585163401515152
35,0.8348612251082252,0.8080264512987014
36,0.7799965584415584,0.7103523679653683
37,0.8658396316461315,0.7734521339673401
38,0.8390763974913975,0.7275974773559767
39,0.8127580070207568,0.7901482157050467
40,0.864061558774559,0.7528374555207865
41,0.8381591073648577,0.7814216327561322
42,0.8902727361527362,0.7192887205988456
43,0.9073884523809527,0.7928627380952379
44,0.8027532955932954,0.7522500984750542
45,0.8102849935064939,0.7800306261140819
46,0.829565272949273,0.6859210909090908
47,0.8359895309135312,0.7238803326852886
48,0.8411546625041625,0.6868206967379024
49,0.9020722009379505,0.850404761395468
50,0.7782071381673877,0.6881057177446734
51,0.8362526032856032,0.7998720676406929
52,0.8859497949550446,0.6966744398420209
53,0.9013236538461539,0.5925712280636029
54,0.8431470807803306,0.7655515706556518
55,0.8375870237817739,0.779512707199663
56,0.8027900000000008,0.6989168333333347
57,0.8101183982683982,0.7438591792929294
58,0.9143278931623935,0.8424392515262517
59,0.8542412582695081,0.7968364086232397
60,0.8031079739704743,0.7381381601078661
61,0.8538646865911871,0.7728829350828903
62,0.8768349184704185,0.8475419235209235
63,0.9050972922077919,0.8142281966644471
64,0.7959418333333332,0.7384755963758464
65,0.8504353982683984,0.868348865800866
66,0.8634965833333337,0.696583126678877
67,0.8318886083361083,0.7419934428528988
68,0.900025,0.7636147272727274
69,0.8663264896214897,0.7337881849718912
70,0.8335161566489065,0.7561307371794872
71,0.8705701282051274,0.6565457814685319
72,0.8444657453102451,0.821933175102675
73,0.8508210119325119,0.7752246597609909
74,0.8592964978354977,0.7873722174353426
75,0.8661933241758244,0.725977928571428
76,0.8561274859307362,0.7230505199245195
77,0.7446552435897437,0.8217585769230773
78,0.8747869862359862,0.7368145875652128
79,0.8488156438283938,0.763362871243952
80,0.8548833809523805,0.6977162142857144
81,0.762604166666667,0.8706483333333339
82,0.8800725000000001,0.7524949999999997
83,0.800005583333334,0.696560875
84,0.8669259538239535,0.7905140732323236
85,0.868892337606838,0.8467944102564107
86,0.8354697142857147,0.7023165000000005
87,0.8910793650793649,0.7277591865079368
88,0.7834311197691199,0.6265647264581822
89,0.844201955128205,0.6191720833333335
90,0.8187425703463204,0.7404415762987013
91,0.8665489875957373,0.6867303531746032
92,0.830561766233766,0.5956779877344881
93,0.8583114765234761,0.8047579251859254
94,0.8380327857142857,0.7029985952380956
95,0.7994960439560442,0.7176558983516488
96,0.8382861973304476,0.7505515491175491
97,0.8598599419191919,0.709686736832612
98,0.8635899739704748,0.758208605454187
99,0.8546609361471859,0.7907453672993676
100,0.8437671484903986,0.8070374635960446
101,0.8681849585969593,0.7200927300616052
102,0.9056042806082809,0.8148609268509266
103,0.8876770028860025,0.7733110404040404
104,0.8790943030303033,0.4963177348484845
105,0.8810646520979024,0.7340679982517484
106,0.922789761904762,0.8038027380952383
107,0.8374400000000004,0.6421560000000006
108,0.9108824747474749,0.8608539359668108
109,0.871298239121989,0.7519077986180488
110,0.8458792215839719,0.7799793351550417
111,0.8257184884559884,0.7314798315850816
112,0.7902621267898766,0.7369161348553412
113,0.8723480466200466,0.7625119806027305
114,0.85270098953824,0.769022996785078
115,0.8554223585858592,0.8008249621212121
116,0.8580726821789321,0.7228104367201431
117,0.7464989324009327,0.8043584696969696
118,0.8465338807303806,0.8483533821178824
119,0.7871100000000004,0.725618698412698
120,0.8622752778610275,0.6928981577866579
121,0.8658396316461315,0.7734521339673401
122,0.8695033684926186,0.7421141996516559
123,0.8414827591297593,0.7722619040722352
124,0.8648721666666667,0.7188176666666672
125,0.8821604327616827,0.7626145025252526
126,0.8052486417748913,0.7310119172077921
127,0.814814902930403,0.8467446834554339
128,0.8357944164169165,0.7565347244185555
129,0.8530146168831171,0.785859256216006
130,0.8607744921744919,0.7873621391982197
131,0.8454130218947717,0.776054457241288
132,0.8611731193528693,0.7359085423049173
133,0.7686937803030301,0.7965445440433752
134,0.8240983888888884,0.7562108333333335
135,0.8404122350982348,0.7688136625041628
136,0.8409999999999996,0.837646666666667
137,0.9092322857142859,0.8222540952380953
138,0.8232097222222228,0.7719808333333336
139,0.8397721477133976,0.7658378436881749
140,0.8221674524087021,0.7324798575174825
141,0.836796988761239,0.784351970737596
142,0.8604140637140634,0.7669545494089246
143,0.8379577895715395,0.7578617098497906
144,0.7944666480463977,0.6614826939865692
145,0.827372799145299,0.7157245451770449
146,0.8378333008935512,0.7229093595571094
147,0.8387765517260523,0.5953730721402785
148,0.8064667391774891,0.7233478282828285
149,0.8246457960372966,0.7725538257575759
150,0.8754848888888891,0.7128821666666667
151,0.8806034103951599,0.7696466632395385
152,0.913074458818959,0.8129681678321677
153,0.833532346625596,0.6530962512210009
154,0.8566857625152626,0.8044728093197654
155,0.8145487842990344,0.6667256438838942
156,0.8434499083694083,0.757844421527002
157,0.7340266666666673,0.8690941666666673
158,0.8754099829059828,0.8295996388888888
159,0.8469382275779777,0.7566794091741591
160,0.8787416666666655,0.7502016666666662
161,0.9065533888888894,0.8790113333333336
162,0.8024505806138305,0.6825929768605576
163,0.8257518075258075,0.7654673401361712
164,0.814433976190476,0.8221898333333333
165,0.8451424591242087,0.7680475962648466
166,0.8458547936507932,0.8479403531746033
167,0.8109342290764789,0.7014847981601734
168,0.8602777343489845,0.7212359848484844
169,0.7866469824064825,0.7414760880410439
170,0.8473862660395157,0.7615863637653197
171,0.8232305555555552,0.7115983888888888
172,0.8676460215062711,0.7308684392135641
173,0.8618303333333336,0.797718
174,0.831549120795871,0.6527305271395266
175,0.8494183406593407,0.7749642749236061
176,0.8832294368686872,0.8300676736041736
177,0.8491166760461765,0.7615024879981135
178,0.8769802289377288,0.7918980784493291
179,0.830384032828283,0.7995976703060015
180,0.8560981318403816,0.7830547838452402
181,0.8625299999999995,0.8241600000000004
182,0.8444773677711177,0.6751218957015205
183,0.8209212926517929,0.8242657306900623
184,0.8966528968253972,0.8183126785714286
185,0.8617654617049617,0.7326756869241869
186,0.8191641493506495,0.7137903538961041
187,0.8422752619047617,0.7270094383116888
188,0.7855086316738813,0.765503968975469
189,0.8458669246031749,0.7165378430735934
190,0.8275537196969701,0.5528123787878794
191,0.8370348268398273,0.6844971038961041
192,0.854931672299922,0.6921854155844152
193,0.8919416666666667,0.664841385281386
194,0.8222340833333333,0.5979006666666665
195,0.8560587319069819,0.8075932682913495
196,0.8845463668831166,0.7308180041486295
197,0.8073570463980463,0.7450511816378065
198,0.8600604629814625,0.7883541737845488
199,0.8484941862581862,0.7448298791804601
200,0.8487308526196028,0.7702385153082213
201,0.8582185032190034,0.7951950421245424
202,0.8700241439393941,0.789161106060606
203,0.8525369019869018,0.7718892774488585
204,0.8892614285714283,0.8169771428571425
205,0.817807255050505,0.675033411616161
206,0.8801344545454549,0.8344727272727277
207,0.874058295815296,0.7271043340548343
208,0.8428800747863245,0.7798013856837607
209,0.8725458739038738,0.8131586827616835
210,0.9024131666666654,0.7552459999999992
211,0.8769215252525254,0.5019387348484845
212,0.8827226666666671,0.7148896042568543
213,0.8358816884781884,0.7453282930027487
214,0.8405803571428572,0.6003732142857148
215,0.9089599393939396,0.7764962626262626
216,0.8375698636363643,0.775646638888889
217,0.852427086302586,0.8159942621406373
218,0.8941290079365081,0.8578855833333336
219,0.8635207238317238,0.6742484568487076
220,0.7895479920634912,0.5482163510101009
221,0.8248038117993118,0.784938841842798
222,0.8631486749639248,0.7578434258658008
223,0.8490799124209129,0.7507143941654754
224,0.7937256536241536,0.7298769036143601
225,0.8749319834054831,0.7413287656926408
226,0.856305377206127,0.6799839332750588
227,0.8553440752580751,0.6994731627539125
228,0.8687153055555561,0.8568126666666669
229,0.8665394355089354,0.8081461913641915
230,0.830448330919081,0.7716332222540535
231,0.7842332030469531,0.7343577089577092
232,0.8828826759906759,0.5715120440947936
233,0.8239676696359196,0.7096368263403263
234,0.881357713286713,0.7858114940059935
235,0.8867879999999998,0.7646846666666672
236,0.8264100000000008,0.6250600000000002
237,0.8469150320512813,0.6470431463675211
238,0.8700813791486288,0.7339882070707071
239,0.8279263215118219,0.79186970384191
240,0.8521955952380946,0.5470297380952377
241,0.8870429246031749,0.5064461432178927
242,0.8557555580253084,0.7203961443833947
243,0.8302793200965701,0.7339852230685984
244,0.8391860824175823,0.7736272890442889
245,0.8820413455988454,0.805797017732268
246,0.8734572857142857,0.783125917748918
247,0.8194675252525258,0.8180550404040402
248,0.7987206006493505,0.6995370404595406
249,0.8393708078310581,0.7626743558802311
250,0.817377692002442,0.7923424477466982
251,0.8896456562049059,0.7510981902958155
252,0.8826679816017315,0.7711697824675321
253,0.8323480097402594,0.6419063733766234
254,0.8470353854478856,0.8241211395132646
255,0.8681331520146521,0.8009617039072039
256,0.8224136944444439,0.7667789940476191
257,0.7661694248251747,0.8012498181818181
258,0.7997198174603172,0.8134379595959597
259,0.8304594000721507,0.6464138759018759
260,0.8826679816017315,0.7711697824675321
261,0.7844012500000003,0.6464287500000004
262,0.8478528378288378,0.7743852645589704
263,0.7962731428571428,0.6591821428571427
264,0.8608399999999993,0.8108500000000002
265,0.8402788333333331,0.6348102867965367
266,0.8749536772949275,0.7947690731768237
267,0.8525563204295702,0.7956365798090801
268,0.8574677808857804,0.8127022411616163
269,0.88260439033189,0.7449087288961042
270,0.8759585238095238,0.7615535119047623
271,0.8754599275724272,0.8054181310397125
272,0.8675745972083471,0.7723425372960371
273,0.8674365353812857,0.8161976770215085
274,0.8457703626373632,0.8018308354047909
275,0.8219937367354866,0.6140509268509269
276,0.8235096536796537,0.7907675476190477
277,0.8467383333333334,0.7909566666666669
278,0.8319082663447663,0.7567396508254823
279,0.8696117857142857,0.7139954642857144
280,0.8574309656732159,0.8036480541541793
281,0.8580314768564766,0.7837963719891221
282,0.7825181067266067,0.7280930343863653
283,0.862517371794872,0.8183077499999999
284,0.8386211946941948,0.7600853122612682
285,0.8521870833333337,0.7553337500000004
286,0.8041513674658672,0.6445224848484847
287,0.8193534702797204,0.7625248305207866
288,0.846537496919747,0.7696451215214524
289,0.8357944164169165,0.7565347244185555
290,0.83639268939394,0.7981859848484852
291,0.846449636363636,0.6808026515151512
292,0.8420623809523804,0.6503292380952381
293,0.855174174908425,0.7890631606171605
294,0.8669919658119661,0.8116260372127877
295,0.862765763708513,0.6790890914502167
296,0.7538127272727274,0.7443161515151513
297,0.8666546070873573,0.7104769537309094
298,0.8559194135864142,0.8063264683372187
299,0.7971829924242421,0.700682195887446
300,0.7899684808247315,0.8165736009684759
301,0.9083735952380954,0.8305904047619045
302,0.7754720634920641,0.5254514285714288
303,0.8391973769841278,0.6916452549019612
304,0.8627947087357093,0.7685643049728051
305,0.7844576860361863,0.7342917053918312
306,0.8514992348207349,0.7506687715936029
307,0.8501016857309359,0.7435276351883412
308,0.8806410450937946,0.7267391217532467
309,0.906727452380952,0.8258441785714287
310,0.8826321915584419,0.8055470332208644
311,0.8853623333333323,0.715217666666666
312,0.8379417803030305,0.7211867218614714
313,0.7744104448884448,0.6880234026708588
314,0.9195779404761913,0.8123012023809528
315,0.8952631732434233,0.8229311171508232
316,0.8745686975524473,0.7621786538461538
317,0.8527149836552339,0.8008742011362818
318,0.78347758016983,0.7321834927711179
319,0.8305803030303028,0.8233403787878789
320,0.8772005634920633,0.7603828452380951
321,0.8133224994449995,0.7814361745615496
322,0.8496983809523807,0.7258307142857148
323,0.8429327770562771,0.8521929557109559
324,0.7595370092685085,0.7551009110611614
325,0.8682859965589969,0.6694043551171055
326,0.8373448144355646,0.7644485884711695
327,0.8750247820512819,0.7401496602564106
328,0.8817908836163842,0.7798077724497726
329,0.8718359645077152,0.7785001365758424
330,0.8412579690032193,0.7692091121419429
331,0.8367332050172052,0.7312000956306767
332,0.8085695876068375,0.8162634568250376
333,0.8370580393495396,0.721086056114637
334,0.8924684047619045,0.7790849493464055
335,0.8416877883782885,0.7782737752109001
336,0.8404309523809527,0.5981147619047622
337,0.83492675,0.7757014999999998
338,0.9200105000000002,0.9200356666666668
339,0.8817189682539679,0.6910390952380955
340,0.8355875306082798,0.6948563931109749
341,0.8604874293761795,0.7940266839965591
342,0.8046108333333329,0.7750295833333332
343,0.8589328575868577,0.7261581936813191
344,0.7675069761904765,0.7404866428571434
345,0.827323346708847,0.7474447135127947
346,0.8322700596625592,0.6687064246864242
347,0.861260598568099,0.7741153941752692
348,0.8558038112720615,0.721425520455852
349,0.8697265000000003,0.7409141666666667
350,0.8286753074425576,0.754003011779887
351,0.8787929486346988,0.7353923201659457
352,0.8516103737651242,0.7680752104562099
353,0.8417973137973144,0.792951855814937
354,0.8933334166666667,0.6143638939393935
355,0.8546236713009212,0.8204000990994302
356,0.8239490737318239,0.7121114062881566
357,0.8410770414862909,0.6267829998196252
358,0.9165706161616167,0.8287884848484847
359,0.8403037752525256,0.669596101010101
360,0.8564252976190475,0.7750866758241759
361,0.9050597186147185,0.8419325113954682
362,0.8743125521145518,0.7813510763403265
363,0.8675389261294261,0.7630887735042736
364,0.8650497683705186,0.8008091902125656
365,0.8215248844211342,0.7595616484806043
366,0.8672899999999999,0.81007
367,0.8571958161005664,0.8174431233627487
368,0.8638440662393165,0.6983402261904759
369,0.8353993139360634,0.8849947292429793
370,0.8369534640359642,0.752183057751889
371,0.844365988095238,0.6995845967365965
372,0.8463091941946941,0.7595372244185554
373,0.861761657731158,0.7627085083527585
374,0.9108671060051061,0.8822575466200467
375,0.8524086214618718,0.7650769221513781
376,0.8678550186202686,0.8087769684204683
377,0.821569766233766,0.725531827922078
378,0.8211084679764679,0.7024128463064713
379,0.8771532554112552,0.8005842597402599
380,0.8350540212842711,0.8150412813852818
381,0.8351512346542351,0.7362891976259028
382,0.8742150000000006,0.7563451666666664
383,0.8391974523809523,0.6573879285714286
384,0.8497897386224887,0.8072918389706701
385,0.9022435000000004,0.8498144999999999
386,0.8827085703463199,0.8288547467532466
387,0.8620754473304468,0.5481752316017311
388,0.89647684965035,0.8798613438505946
389,0.830534537240538,0.7567029156578714
390,0.8475085000000004,0.807182
391,0.8765449658119654,0.7886627179487183
392,0.8469382275779777,0.7566794091741591
393,0.8908818376068378,0.5706101602564103
394,0.9128357857142863,0.786822928571429
395,0.8766724208569207,0.735525222763348
396,0.8314281882561885,0.7576581451048948
397,0.8769215252525254,0.5019387348484845
398,0.791547925269176,0.8230492996864247
399,0.8319052832722837,0.7420569868881124
400,0.8293900941558437,0.7373774015151514
401,0.8646725965700968,0.790450481920857
402,0.8291085624930625,0.6092322564282125
403,0.8675389261294261,0.7630887735042736
404,0.8416249732767237,0.7868834710885522
405,0.8678111190476191,0.7984892619047617
406,0.8688704470529466,0.7833706641969145
407,0.9082766666666666,0.7944066666666668
408,0.8438024774947276,0.7680597911116662
409,0.8493028137418136,0.7985730517856328
410,0.8234793904151411,0.7876395383227889
411,0.8718504101731601,0.7366442110389602
412,0.8497989213841709,0.7600876403180153
413,0.8470328150183148,0.6517483554778548
414,0.8504988612776114,0.7468946101537354
415,0.7715650087412588,0.6455110989010993
416,0.8347651024808529,0.735716814564521
417,0.8747475298312801,0.7228912371835685
418,0.8919416666666667,0.664841385281386
419,0.8319681924464419,0.7279678877650128
420,0.8781719832667332,0.7217964457070708
421,0.8366680714285715,0.7484017142857143
422,0.8700355448717956,0.8576422115384621
423,0.8810893185425688,0.8317370815850822
424,0.8707125360750361,0.7392962682178933
425,0.8345432605727607,0.7442723726869538
426,0.864106324841825,0.8986509311799312
427,0.8389962036019546,0.8062767798769861
428,0.8708656712454215,0.886734788017538
429,0.9071645769230767,0.758855217948718
430,0.8328047928737938,0.7398309226051734
431,0.8617482355699861,0.7381662026764078
432,0.7956700000000008,0.7066760000000011
433,0.8283166406371413,0.7878206887875198
434,0.9220675476190477,0.865569976190476
435,0.7976168269230768,0.8065075512820514
436,0.8540224852924855,0.7860193303404114
437,0.8911924314574314,0.6976590880230886
438,0.8183813758463755,0.6491076647698709
439,0.9219342142857144,0.8398799761904759
440,0.8639798095238095,0.7193644264069269
441,0.880188588744589,0.6917177481962489
442,0.919767277777778,0.8807925555555556
443,0.8617079832667329,0.7470736899350651
444,0.9256980399877903,0.8165202673992675
445,0.8370718143800646,0.7655204137292447
446,0.832277861000111,0.740698421929378
447,0.7868646190476193,0.5437637460317455
448,0.8253306572871572,0.8794547447691198
449,0.8446592857142857,0.6307664285714284
450,0.8705771176323678,0.8180807988955492
451,0.8380610187312689,0.7522719397032709
452,0.9027236998556992,0.7817441941669443
453,0.8046032675380173,0.6882476699689204
454,0.8432741252081253,0.7862634084110336
455,0.7947748939393943,0.6530739393939397
456,0.8099973076645581,0.7267547829115324
457,0.8694215334110335,0.7257937647809706
458,0.8218398653846155,0.7266260293040296
459,0.7330166666666672,0.8062766666666669
460,0.860400111471862,0.7378812391774892
461,0.8563216666666666,0.6975808333333339
462,0.8663570785048281,0.7462369457070708
463,0.8274296950549447,0.779744807678433
464,0.8465588055555558,0.7293888888888891
465,0.8794216103896104,0.7553174452491953
466,0.8645251928904429,0.8174511031509347
467,0.7725640109890112,0.7572175549450545
468,0.8448968210400707,0.8021134479450294
469,0.9173225476190477,0.844229976190476
470,0.8505601261516265,0.756358830808081
471,0.868744204045954,0.7106961311784618
472,0.8632654071761572,0.8210399700340516
473,0.8794730246420247,0.8101385628121881
474,0.8594314746919745,0.8159847001511564
475,0.843325623015873,0.7274964323593074
476,0.8637680043290042,0.6829519296536796
477,0.842764842712843,0.7913245839617897
478,0.8398295282217785,0.7866021938061938
479,0.8416589209956712,0.7255006544844044
480,0.8458236328671327,0.7627348281342842
481,0.7318691777944275,0.7749000093142151
482,0.8488614899267394,0.8063660547924298
483,0.8474699999999994,0.6502099999999998
484,0.8281916787934287,0.7629576329365082
485,0.883611082029082,0.6420891728826729
486,0.845542956904207,0.8149700048840048
487,0.88260439033189,0.7449087288961042
488,0.8458008928848928,0.7624624495406551
489,0.858595564324564,0.7029329154774965
490,0.8468209523809526,0.7473647619047615
491,0.7991353719336216,0.743595305046261
492,0.7894925357142862,0.7046129418261481
493,0.8598700264180273,0.7442232475857479
494,0.8435761626984124,0.803873220779221
495,0.8346406773781776,0.7243532758671068
496,0.8426743340825841,0.7288676937408993
497,0.8458107663170168,0.7581549088689091
498,0.7963009523809526,0.8208348809523807
499,0.876752119047619,0.756357011904762
500,0.7725640109890112,0.7572175549450545
501,0.8317375109057606,0.6932252296592294
502,0.8667620646020647,0.7728834905788656
503,0.8420623809523804,0.6503292380952381
504,0.8419142564657566,0.7668260033757092
505,0.8289979950327455,0.7379466279039589
506,0.8951070925740925,0.8066597472527479
507,0.8866311059218558,0.8807361346153847
508,0.8520430348817851,0.746363266192141
509,0.8601533562271064,0.8046043861277613
510,0.8307351622821628,0.73385423865432
511,0.8450819551282049,0.6348220833333336
512,0.687093011904762,0.6053946468253969
513,0.7693714999999994,0.7516349999999997
514,0.9027469137529139,0.8489667958707962
515,0.7944470061327564,0.7786442161727158
516,0.8881638041125542,0.7789349893480702
517,0.8831456666666656,0.7234576666666658
518,0.7866671507936508,0.7572761249999997
519,0.7955001666666672,0.7232118809523809
520,0.8762261964701965,0.7377999814213565
521,0.8410829234654238,0.7844857331279836
522,0.8621810322455323,0.841250923063048
523,0.8634269724488958,0.756157612925609
524,0.8439788063048063,0.7624268150599401
525,0.8621971492951497,0.715755978983435
526,0.8659599999999993,0.8149600000000002
527,0.8407490401265403,0.8486644105241169
528,0.7675069761904765,0.7404866428571434
529,0.8620480460650461,0.8197335811451626
530,0.815705310744811,0.59197837959263
531,0.8679629154456648,0.7747497281746034
532,0.8370718143800646,0.7655204137292447
533,0.8570744265734266,0.6878599474039033
534,0.8698008333333331,0.7239711111111115
535,0.8687526825396829,0.8611180476190481
536,0.8071641666666665,0.6954476666666669
537,0.8737361419968923,0.6806052760295266
538,0.846023858974359,0.8049095439699191
539,0.8439135712343212,0.7639728931664742
540,0.8376673237318245,0.6568954025321085
541,0.9123124296536802,0.8737153181818182
542,0.9195779404761913,0.8123012023809528
543,0.8621439051504051,0.8405849463730712
544,0.8525396052836058,0.78811860452048
545,0.8242694005161502,0.7292387159270468
546,0.8116734523809522,0.7481480952380954
547,0.8837111507936511,0.8134697023809525
548,0.8839628721556221,0.7237801123737375
549,0.8694185965423464,0.6897514448051955
550,0.8457914486624489,0.7858595047215858
551,0.7977332890720388,0.7404708919315983
552,0.8587112200577198,0.6897713982683987
553,0.8390095981240984,0.7546642706460208
554,0.8292942857142862,0.6360114285714286
555,0.8592237054334554,0.8376911903374408
556,0.8675596265678766,0.7325055041902543
557,0.8368886379731376,0.7650366077533579
558,0.7871625085192581,0.7539171919510231
559,0.8259500000000009,0.61933
560,0.8357642252747256,0.749190019914726
561,0.87116222943723,0.7153846582763639
562,0.828608916666667,0.8174273181818184
563,0.9209508055555549,0.9148179642857147
564,0.8413441425241427,0.7640813095001406
565,0.8518073823953829,0.7692835256132757
566,0.8859764605394603,0.7389462108585859
567,0.8406631818181819,0.847105681818182
568,0.8629887242479739,0.7336745037878789
569,0.826777563797314,0.8135774032217785
570,0.7383089285714297,0.4822720833333327
571,0.7542714999999991,0.7487249999999993
572,0.8642393311965811,0.8312343175990676
573,0.8079728347763355,0.7891809978354981
574,0.8281695952380954,0.6596047857142857
575,0.8339214164169165,0.7695360994185555
576,0.8403008337773338,0.7204819885392384
577,0.8152991466311462,0.7587814045717348
578,0.7871625085192581,0.7539171919510231
579,0.8509621720779219,0.691520996753247
580,0.8405332919580417,0.749758452052033
581,0.887561071428572,0.8714006190476192
582,0.8387765517260523,0.5953730721402785
583,0.795719511294261,0.6333052805250305
584,0.874031063492064,0.8557979772727278
585,0.852440416666667,0.7257529166666664
586,0.8365889735542237,0.7533450207888519
587,0.8376460227272724,0.7614672727272723
588,0.8324632468642467,0.7459523202394014
589,0.862838697635698,0.8662135520313025
590,0.9069243625541119,0.8371700324675326
591,0.8665719658119662,0.8110260372127877
592,0.8311588154623153,0.7936054842975656
593,0.8405896583971584,0.7653889452908205
594,0.9032767161172157,0.7352120129453887
595,0.7721028095238092,0.6263344761904761
596,0.8318183095238091,0.8635185714285716
597,0.8560937514707515,0.7800601989024051
598,0.854351333333334,0.7544639999999994
599,0.9101826666666665,0.7980503333333333
600,0.8079842857142855,0.6947147619047622
601,0.8381425647963152,0.7605454132950382
602,0.8845875000000001,0.8022600000000001
603,0.863917203268953,0.8208145875554187
604,0.810950666971917,0.7191154694749694
605,0.8661203506493504,0.7609051803751806
606,0.871225195387945,0.7278220820707072
607,0.7897524010989008,0.7594697554945055
608,0.8626026998556996,0.7908033483877233
609,0.8408984523809524,0.7480999285714286
610,0.8801484339826837,0.689243373737374
611,0.8909424522422029,0.7146493896103907
612,0.8558384502442,0.8053633226495736
613,0.8238011919191927,0.8118502359307357
614,0.848602516095016,0.7116110672660675
615,0.8408622442279946,0.7492728333651648
616,0.8529670764513269,0.7454489897920707
617,0.8434680995670998,0.7421734808802305
618,0.8484700093795098,0.7631308213314469
619,0.8173309999999998,0.6429686666666666
620,0.8972784999999999,0.6042360833333329
621,0.8956255714285709,0.7589391587301584
622,0.8532438046398044,0.7788267364302369
623,0.8424455580253077,0.7056449645395457
624,0.8684601302586301,0.8431611562465313
625,0.8829460487012989,0.8448392113997114
626,0.8705020000000006,0.39731800000000034
627,0.8151506917804419,0.7281201493922747
628,0.7601804658119657,0.632188788683539
629,0.8190695678210682,0.6331787150627147
630,0.9024131666666654,0.7552459999999992
631,0.8796715692085694,0.8104290617715616
632,0.8434203769841269,0.6809260912698406
633,0.7769478571428573,0.7531967857142853
634,0.8509024015151517,0.7954941122766125
635,0.8169980555555557,0.8029467092352093
636,0.8323195386002893,0.8060532963466275
637,0.8926248571428573,0.8586722857142856
638,0.8423783311688312,0.7421630263902766
639,0.8041094036241538,0.7824484556693305
640,0.8737737500000009,0.858641071428572
641,0.7780460541125538,0.6195781038961043
642,0.8620169444444437,0.8029966666666659
643,0.8178748418525917,0.6647698901515153
644,0.8223033333333339,0.6665859999999999
645,0.9084608588911091,0.8544399982794986
646,0.825869817765568,0.6440481007326007
647,0.871071832417583,0.749066275964232
648,0.843500007326007,0.780411165764791
649,0.8948823564213568,0.8028658867243861
650,0.8492437301587306,0.768578225829725
651,0.8521955952380946,0.5470297380952377
652,0.8659599999999993,0.8149600000000002
653,0.8654460876068378,0.8268371346153848
654,0.8908440793650793,0.8494972282064346
655,0.8569577196969699,0.7562652348484847
656,0.9060619592352087,0.8201802487373742
657,0.8491166760461765,0.7615024879981135
658,0.8219937367354866,0.6140509268509269
659,0.8685148917748926,0.7825553213355276
660,0.8468329719724724,0.7864265028860028
661,0.8871449523809518,0.8430877619047621
662,0.7727847222222224,0.7744991666666664
663,0.8670681759906763,0.8853156281537099
664,0.8554511060606057,0.7379758030303033
665,0.8247207542735047,0.7109995134310136
666,0.8565633333333331,0.5379238383838384
667,0.8211847117049619,0.6523819182484185
668,0.8337864095626597,0.7791572417345728
669,0.8841571658896662,0.7234301627816626
670,0.8961876190476193,0.8543084285714283
671,0.7693614999999994,0.7587649999999994
672,0.8371019208569208,0.6197517276334783
673,0.8730451953879451,0.7312880820707073
674,0.8064566666666662,0.588296666666667
675,0.9040556666666656,0.7271976666666659
676,0.8592756111111108,0.8299002361111113
677,0.8583564761904766,0.7599888095238099
678,0.891707365773116,0.7887348730574983
679,0.8542748509546009,0.7838933456168016
680,0.8556881164668667,0.7579035816585376
681,0.8438156323953824,0.7667022907647908
682,0.8639498095238095,0.7164744264069269
683,0.779808154761905,0.7267049321789325
684,0.9016014999999987,0.758817666666666
685,0.8140840700133203,0.6663710724553228
686,0.8716985336330336,0.811327845769427
687,0.8987460768398265,0.8271892428168235
688,0.8510959444444444,0.7365111776695527
689,0.8619050808080807,0.7733793181818185
690,0.8797737514430017,0.7824788431886738
691,0.8370718143800646,0.7655204137292447
692,0.8675239058441558,0.7049310822510826
693,0.8937156526806521,0.8700119607614615
694,0.8714157738095242,0.7504717857142854
695,0.8901708236763235,0.8589988840367159
696,0.855524071428572,0.827418285714286
697,0.8260553745698743,0.7293506010419323
698,0.8828589999999987,0.7146276666666657
699,0.881266523809524,0.8277917619047621
700,0.8547106236263738,0.7791928946511009
701,0.9212575476190478,0.8630399761904761
702,0.9136479599567098,0.7497777503607501
703,0.8348760830835832,0.7553238910852222
704,0.8080516666666674,0.6936110000000011
705,0.835036623015874,0.6230338333333334
706,0.8569775227272725,0.7413287577463386
707,0.9110717629870133,0.8672156515151515
708,0.8606070519480514,0.7903155135281388
709,0.8606214490786988,0.7536013603063607
710,0.8630848095238091,0.7324847142857146
711,0.8721935556388054,0.7876785004162508
712,0.8778337142857146,0.7693409264069264
713,0.7844012500000003,0.6464287500000004
714,0.8777835941003441,0.8017688162809412
715,0.840398833333333,0.6464804166666667
716,0.9126200476190478,0.8382699761904763
717,0.8415389297646797,0.7673869015567764
718,0.7718944283494283,0.748592862096237
719,0.842028344766345,0.7548035213161025
720,0.8436379772727279,0.7927261792929292
721,0.7584052777777777,0.6277880332445338
722,0.8387348774281275,0.7703249052059049
723,0.8436465213952711,0.7719794636376696
724,0.8978191803196802,0.8232079636474643
725,0.7890319804639807,0.7211895866633371
726,0.8755086904761912,0.8321201190476186
727,0.8692788235375738,0.8125277544122548
728,0.821108333333333,0.751874166666666
729,0.8270100000000009,0.62185
730,0.8419142564657566,0.7668260033757092
731,0.8391741307026307,0.7843477931414988
732,0.8812298404095903,0.726456822871573
733,0.8357944164169165,0.7565347244185555
734,0.8572302548562554,0.848813473429349
735,0.858778756438006,0.7906858573648579
736,0.8093373852813849,0.6181412099567103
737,0.8619341079476079,0.8091781562881569
738,0.8815685466200462,0.7754248273393268
739,0.8622502070152074,0.7378042945942949
740,0.8297972936507938,0.7195131368076362
741,0.8605379999999998,0.7137060000000004
742,0.8532080537518041,0.7343331806388056
743,0.7955044998057496,0.767737282083113
744,0.8461437320457317,0.7415820174310984
745,0.8408337839382841,0.7503332586065896
746,0.8851497968697971,0.8400036910311911
747,0.8712900530303035,0.7644777287475597
748,0.8386374999999999,0.7546698809523814
749,0.8582185515873013,0.7912066865079368
750,0.8269726078088582,0.7875503772477527
751,0.853778119047619,0.736086170995671
752,0.7788375876623378,0.7214158740981245
753,0.8659473531191031,0.7950733316128316
754,0.8781962499999999,0.8181457500000003
755,0.8435702435064936,0.7548590256132761
756,0.8326484246031747,0.8117565189393936
757,0.9001259393939393,0.8019469393939395
758,0.8548272581030081,0.7016062562160066
759,0.8430414255744254,0.7702363928889739
760,0.8369256006493504,0.7771091098484851
761,0.87740006046731,0.7308920463564216
762,0.8480758399655899,0.8047932154512156
763,0.843122043456544,0.7619143132880191
764,0.7821831973304468,0.639797230880231
765,0.9125653264790771,0.8250132471139977
766,0.7725640109890112,0.7572175549450545
767,0.8282868013098011,0.7150601796398045
768,0.7944615829170825,0.7106262100954598
769,0.8500768024198024,0.7760667983723799
770,0.8671675183705182,0.7368852096930848
771,0.8268473704906204,0.587643073083779
772,0.8866374652569661,0.7312918668414927
773,0.8794829999999999,0.7570503333333334
774,0.8609231739649238,0.7603031595349097
775,0.8017202268564776,0.742490742414448
776,0.8666031576756577,0.8674084114259922
777,0.8945000476190479,0.8299624761904763
778,0.8377033901098906,0.6517534102564099
779,0.8660550989843491,0.7657816247543303
780,0.8223468110500608,0.7322278092185589
781,0.8563117044344547,0.7432804990883305
782,0.8048647619047615,0.7996728333333333
783,0.8574379637862141,0.7874180594168902
784,0.8421417857142857,0.6907755952380954
785,0.8399009391441894,0.7702193366119178
786,0.8749773376068378,0.5455309935897434
787,0.8329172522755022,0.7621694013347764
788,0.8365278571428569,0.769355714285714
789,0.8297177053779556,0.7841259240938802
790,0.8271271742424235,0.7441996515151511
791,0.8404782446997447,0.7551230367728681
792,0.8250594996670002,0.7982569222485025
793,0.8407539680042179,0.7433856899113956
794,0.8726111666666665,0.6279121666666664
795,0.8253550582473081,0.7641385329670333
796,0.8820720059940055,0.7460245555555558
797,0.8141565706515711,0.6485098151015656
798,0.8826235119047615,0.5670848618881115
799,0.8705771176323678,0.8180807988955492
800,0.8215718222610723,0.7499022043136605
801,0.8362542606837602,0.6066988860028866
802,0.8560800441780445,0.7601206655746212
803,0.8632654071761572,0.8210399700340516
804,0.861625566045066,0.7516796696538754
805,0.901695920995671,0.7328273315850816
806,0.8646971111111108,0.7470954680735936
807,0.8732656602564106,0.7995946800699305
808,0.8229269446109443,0.7602720149197211
809,0.8887944393939393,0.8841537705627707
810,0.867411965811966,0.8107160372127876
811,0.877262837745588,0.752179036342742
812,0.8725000807525802,0.7502079594572096
813,0.835486538572539,0.6832695873432121
814,0.8921156666666658,0.7166376666666658
815,0.8685762436452434,0.7505199005716507
816,0.7949787500000004,0.5146637499999994
817,0.8810388878066377,0.7400175799062053
818,0.7885782517482518,0.7019388117715615
819,0.8641743293650798,0.7190008373015876
820,0.7274452870185373,0.6858961803653854
821,0.861625566045066,0.7516796696538754
822,0.7998401363081367,0.7569735369116181
823,0.797826386890887,0.7839132800712361
824,0.8751204188311691,0.7912774777167276
825,0.8357944164169165,0.7565347244185555
826,0.8743236495726495,0.8056263055555556
827,0.8089203333333339,0.7984200000000001
828,0.8357105263070264,0.7516334649557962
829,0.800280487040738,0.7239029640637142
830,0.8365889735542237,0.7533450207888519
831,0.849675683927184,0.8057815973095537
832,0.887671666666667,0.7356237500000001
833,0.7723080065767566,0.7038486224608724
834,0.8789752777777781,0.7983205555555553
835,0.8567565110445108,0.7612945669191921
836,0.8327805252525254,0.7787968503204312
837,0.7998401363081367,0.7569735369116181
838,0.8370718143800646,0.7655204137292447
839,0.8612606769230758,0.6306711076923078
840,0.8329312298257302,0.7669740718627778
841,0.834393122655123,0.7705099143119949
842,0.8784831786546791,0.8381666217116223
843,0.8392241031746032,0.7496200476190475
844,0.8460639617049618,0.7950100432247492
845,0.8528060000000001,0.7028653333333339
846,0.796338805555555,0.7346817954545454
847,0.8415871771561773,0.8228561745615498
848,0.8547645054112555,0.6967488578643575
849,0.8750822729492725,0.7527389772727274
850,0.870588648851149,0.7043395400432896
851,0.8640099178044178,0.8021463112581863
852,0.8642576107503613,0.7066366558996561
853,0.8786787435897436,0.7477931829836826
854,0.8883427332667333,0.7406351919191922
855,0.8807460714285712,0.7983107142857144
856,0.796557565545566,0.7125065595654343
857,0.8537037499999998,0.5780970454545455
858,0.7701588560606061,0.7446350281385284
859,0.7660197041292038,0.7019583027528031
860,0.8397778398268402,0.7647928259379511
861,0.8415272584360086,0.78629585493673
862,0.7468441824009326,0.8062027196969695
863,0.8554104353701856,0.7853107935536687
864,0.8516145584415586,0.8363952682178935
865,0.8793153888888888,0.7380166801948052
866,0.8740559422799419,0.7762297007575758
867,0.8190822738095234,0.7174256726190477
868,0.8733139737484747,0.8318943399100905
869,0.8849732854367853,0.8454003205446523
870,0.8342416252913754,0.7502740530621341
871,0.7657256562049061,0.7431377099885408
872,0.8064622857142855,0.7290934285714286
873,0.8558963428238429,0.7743091854575168
874,0.833532346625596,0.6530962512210009
875,0.775043785714286,0.7991064285714289
876,0.9217255894660898,0.8930828537475597
877,0.891276410977911,0.743023285797536
878,0.830489488261738,0.764188158359614
879,0.8289931006493505,0.5746993262987009
880,0.8287709209401707,0.7578720967643465
881,0.8367081313131315,0.7281253383838385
882,0.8835149116161614,0.8192334318181819
883,0.8783199326229331,0.7877497421091975
884,0.8271137275779781,0.6600302083749584
885,0.842265064158064,0.7368478106893099
886,0.8051019253246753,0.6361491345598846
887,0.8232585580808083,0.7800045183982682
888,0.881080872155622,0.7249114457070711
889,0.8825187536075039,0.8223072078240388
890,0.8319359986957486,0.816705426850927
891,0.8918336354201354,0.8279085572940137
892,0.8136660119047621,0.7541850000000002
893,0.8404782446997447,0.7551230367728681
894,0.8474241046176049,0.7966023088341401
895,0.8488361444111451,0.7178846043817296
896,0.89801591025641,0.8610731054778552
897,0.89198443939394,0.8694419848484851
898,0.8462363588078585,0.6937867467532469
899,0.9087526688311691,0.8654141683218746
900,0.8618801800144297,0.8208954769119771
901,0.8504044704184701,0.7674741753801748
902,0.8636302637917638,0.8144308216546527
903,0.868062756937507,0.8325261986763237
904,0.8503692086524585,0.7466320329670331
905,0.8760866047008551,0.7865449921189925
906,0.8474066564269062,0.7127370519896771
907,0.8366793086080584,0.7706663996281499
908,0.87848583960484,0.7594207744657302
909,0.8879737142857141,0.7423947142857148
910,0.8527309206349206,0.738847523809524
911,0.8528633835608832,0.7741868133990191
912,0.8581952075424578,0.793555637838469
913,0.8784023612776114,0.6949684218004224
914,0.891880353174603,0.8803367521645028
915,0.8359849246031749,0.6947964523809523
916,0.8436629354256853,0.7328865939754692
917,0.9176072355144856,0.842207069920276
918,0.8113191353091352,0.7867923538724348
919,0.8536415756465763,0.7642792488622492
920,0.8738943971861478,0.8336312087814152
921,0.8449681501553999,0.7761437823426576
922,0.8352164824619832,0.7635657699245203
923,0.8254008225108226,0.7037094036796543
924,0.8965583333333333,0.8303633333333333
925,0.860448547979798,0.797330727272727
926,0.9537491666666653,0.8923798809523815
927,0.9209556666666667,0.8531390000000001
928,0.8414599804084802,0.7613565211357269
929,0.8329649107004106,0.7907117494033749
930,0.846211947802198,0.7855683404928403
931,0.8853926589521588,0.7800018003565069
932,0.8779362620712621,0.7160933514541017
933,0.8482161830669331,0.7302121339216342
934,0.7723625915750921,0.786865444888445
935,0.8486259999999998,0.6668543846153844
936,0.8608752941780444,0.8427783653984906
937,0.8707905186202689,0.6940639285714282
938,0.8616584598457107,0.7726027498098311
939,0.9288728701298703,0.8825504989177495
940,0.8529562590187588,0.7769058640844448
941,0.8607539870129868,0.7356925324675327
942,0.8653082619047622,0.6760334047619047
943,0.9083114101731605,0.8892595335497836
944,0.8653589444444438,0.7887241666666667
945,0.8557576904761907,0.7584347619047622
946,0.8597304166666666,0.7676266666666663
947,0.8443468050005553,0.7757157465214525
948,0.8041061878954382,0.7404135430680432
949,0.8323094089521591,0.6779025501443
950,0.8127852251082252,0.7113860800865804
951,0.8638499613442111,0.7882770361582861
952,0.8674318903318905,0.7325108160173162
953,0.8164898376623373,0.7457462256493507
954,0.8483518787323792,0.7687248288794544
955,0.8710166180486176,0.8055414701964699
956,0.8589428322510819,0.7302724339826842
957,0.8307588603618608,0.7711624896671959
958,0.8831536428571425,0.7369255476190476
959,0.8550382820512817,0.8480235461107523
960,0.8796286190476192,0.7397362619047619
961,0.8795743836996338,0.6678974621212128
962,0.8516387731157735,0.7536649194694196
963,0.7883009523809517,0.7200180952380951
964,0.8997113968253967,0.868260761904762
965,0.8412231310356303,0.7012858810397127
966,0.8660136974136976,0.8007134744699747
967,0.8898360010822511,0.8139381883116888
968,0.8008893918581417,0.7873709482878233
969,0.8475421541791544,0.6973863491092245
970,0.8393739895382395,0.7873098394660895
971,0.8708632227494734,0.8077654218738783
972,0.863955721861472,0.7736705057067111
973,0.8771351165223666,0.8112431098484854
974,0.855851247779998,0.7346410208818962
975,0.8256579087301589,0.6807220793650801
976,0.8629451706071707,0.7414567095445409
977,0.8314914086191588,0.7497874935383245
978,0.9223785000000001,0.8635728333333332
979,0.8686827782217784,0.793337761960262
980,0.8607500569708073,0.6898451059218561
981,0.7891259865967364,0.6189643251193256
982,0.8800152049062048,0.8243971778499283
983,0.8922312688422691,0.7237578337495845
984,0.8550238053058056,0.7805464091227402
985,0.8303297961760469,0.681032546356422
986,0.8371300634920635,0.7911594285714288
987,0.8133258928571431,0.6133336428571426
988,0.8562353867521365,0.7433797702754761
989,0.7759618333333339,0.7778818333333334
990,0.8169630201465194,0.6445696324786324
991,0.8278791666666667,0.7993576536796536
992,0.8574237583805087,0.7685835382950379
993,0.8417856469641477,0.7378440083805086
994,0.8785944090909088,0.8333027987012984
995,0.8236233896103896,0.7692669757881008
996,0.8260102168942174,0.7230559513166576
997,0.855847194805195,0.771793390512265
998,0.8418307347929849,0.7670966537531096
999,0.8190414360916862,0.6151630827783322
1000,0.8884013979353986,0.7014233363580863
1001,0.9248040000000002,0.8664929999999997
1002,0.8345120354645357,0.7599684863233175
1003,0.8909225000000002,0.8722600000000006
1004,0.8870452175602179,0.856334213342214
1005,0.8287709209401707,0.7578720967643465
1006,0.8952285175380176,0.7743757406204906
1007,0.8615385877455874,0.8699170163170165
1008,0.8333383009490513,0.7912463807303811
1009,0.8510064725829729,0.7422161002886007
1010,0.8579179877344879,0.7461540008047504
1011,0.8129959642857147,0.6988842242063492
1012,0.8807806944444445,0.9003105769230768
1013,0.801340913919414,0.7015430787268283
1014,0.8548984235209239,0.7743528940544748
1015,0.8706705958208454,0.7350473645382398
1016,0.8238135703463209,0.7336374588744587
1017,0.893627886363637,0.7972548508615566
1018,0.840611670773671,0.7628424840853593
1019,0.8745129819902323,0.7601902675698488
1020,0.828766482628483,0.765706721490927
1021,0.8713413785103795,0.7944625984709732
1022,0.8638963968253967,0.694403761904762
1023,0.8734625213675212,0.8254718705461208
1024,0.7787376575091575,0.642536818681319
1025,0.8541257364302361,0.757385426129426
1026,0.8641894999999999,0.7156461590909095
1027,0.833532346625596,0.6530962512210009
1028,0.8921251944444445,0.761468055555556
1029,0.8865952884615385,0.866945333333334
1030,0.8835291904761904,0.7324272857142857
1031,0.8669417956210452,0.7177153937353493
1032,0.8808936857309356,0.6214280698884445
1033,0.8515318462925958,0.7474066718461279
1034,0.8106330376845376,0.7805693395950455
1035,0.8304519534354533,0.75068529859438
1036,0.881277225108225,0.778700121753247
1037,0.8246800000000007,0.5904699999999998
1038,0.7829142857142861,0.5485814285714287
1039,0.838048619047619,0.7354784285714286
1040,0.868062756937507,0.8325261986763237
1041,0.8782427267732268,0.7409506935425685
1042,0.8944405943778445,0.698945264124765
1043,0.8484360215895218,0.7779836316918377
1044,0.8358905453990458,0.7893318801615054
1045,0.8657964978354982,0.8286648946608954
1046,0.8653570157342655,0.7227253352758354
1047,0.8483113333333331,0.757331666666667
1048,0.8870197888222884,0.7773176534576529
1049,0.8355656664169167,0.7563084744185555
1050,0.8890997383172383,0.7325676444805198
1051,0.8239146007326009,0.7065453811188813
1052,0.8670525319957825,0.600636935564435
1053,0.7856045252525254,0.6730354125180379
1054,0.8293105074647577,0.6558648857808855
1055,0.8463926620601622,0.7645899831002332
1056,0.8735909262681761,0.7079049592352095
1057,0.8521724908424906,0.8145131796120549
1058,0.8839301803196803,0.8267947539029598
1059,0.8408622442279946,0.7492728333651648
1060,0.8067558376623383,0.5875046136363644
1061,0.8711116759906762,0.8305121905594409
1062,0.8452308286713293,0.7499434451145263
1063,0.7902392117049615,0.7232157802059056
1064,0.8051019253246753,0.6361491345598846
1065,0.890095396825397,0.8338157619047618
1066,0.7799012673992674,0.7065242254869315
1067,0.8154450530303035,0.5584991515151517
1068,0.8357944164169165,0.7565347244185555
1069,0.8553440752580751,0.6994731627539125
1070,0.8725537857142862,0.8102455476190478
1071,0.9236343071650566,0.886977652847153
1072,0.8579943987123991,0.7889375060397121
1073,0.8599562393439899,0.8055126096444412
1074,0.8707905186202689,0.6940639285714282
1075,0.8315897219724719,0.6993485392662899
1076,0.8440246393328894,0.7546609766344762
1077,0.8967210634920633,0.8042824285714285
1078,0.8302533059995565,0.7194010375082436
1079,0.8661913938838943,0.7714508484750544
1080,0.8743920230325237,0.7839254703213452
1081,0.8601358745421247,0.8098751025918526
1082,0.7693614999999994,0.7587649999999994
1083,0.8648820912698412,0.7451864204545459
1084,0.8612433800366306,0.7218145541958039
1085,0.7840216666666667,0.7311505882352946
1086,0.8279082779442781,0.7718981014859325
1087,0.8583114765234761,0.8047579251859254
1088,0.7762317534687537,0.7281520297202799
1089,0.8077714551282054,0.6463322500000003
1090,0.849436282273282,0.71633241963592
1091,0.801680000000001,0.6969268333333346
1092,0.879021232045732,0.7952588286337844
1093,0.8700088003662999,0.7355799166666668
1094,0.8212612850205347,0.7355410212328521
1095,0.8704043241758243,0.7022109285714283
1096,0.8406499517704521,0.7260521940004443
1097,0.8015413337218337,0.6845794550727057
1098,0.8737182673992681,0.8740726364191366
1099,0.7998804696969694,0.7895254203060013
1100,0.8641756128593626,0.5910638037101784
1101,0.8689364542679543,0.816811059749891
1102,0.8490792857142858,0.7811847619047617
1103,0.8264749473304469,0.7899302240259745
1104,0.829682908841159,0.7565517534589594
1105,0.8257729204406707,0.7318552993811746
1106,0.7845099166666668,0.6441554166666673
1107,0.8959185955433456,0.8071128222888224
1108,0.8125675000000004,0.700908
1109,0.8565758982683979,0.5459765562770558
1110,0.8330031723831733,0.7352206043303106
1111,0.8952744286546792,0.7882187560397127
1112,0.7603710914918416,0.7993891515151514
1113,0.8564912499999998,0.6956507954545456
1114,0.814947646603397,0.7263170890400452
1115,0.8631618772061271,0.7213263529011843
1116,0.9022749321789327,0.8605455173160176
1117,0.8792784023199027,0.8026692326186889
1118,0.8957988665223666,0.7959976553030306
1119,0.8529501811799313,0.7977892807192809
1120,0.8575610052170056,0.7031174135031634
1121,0.8418425034132535,0.7667762375304433
1122,0.8730451953879451,0.7312880820707073
1123,0.8259677272727273,0.7166509393939394
1124,0.8659117064324569,0.7777198359042918
1125,0.8806034103951599,0.7696466632395385
1126,0.868482356282606,0.7663012272727273
1127,0.7839960757575752,0.5997000173160173
1128,0.7871499166666668,0.6493254166666671
1129,0.8636569819069818,0.7096194538794538
1130,0.8823033333333324,0.7754288333333333
1131,0.8520121191586192,0.7985021606310354
1132,0.8766238922188927,0.7785866685259184
1133,0.7677119545454542,0.6341073766233764
1134,0.8318484523809525,0.7662705573593074
1135,0.8460730793650789,0.7615495963203464
1136,0.8656535912698418,0.7238783095238097
1137,0.8943338990176491,0.7281934662282161
1138,0.8630710273060277,0.7562168367188358
1139,0.8383677632367633,0.7532786653942464
1140,0.9269010150960151,0.7584668576146076
1141,0.7548245833333326,0.6053620833333326
1142,0.8918466507936507,0.910265523809524
1143,0.8429743106060608,0.7665685928834236
1144,0.8753020250027751,0.843242940730022
1145,0.8354258691863697,0.8475775141525138
1146,0.8735228174603177,0.8509409603174608
1147,0.8714765238095242,0.777245119047619
1148,0.921116438977689,0.8106603583083581
1149,0.8532608903318908,0.8229121450534765
1150,0.8047621111111113,0.8070067420634921
1151,0.8516051717171713,0.8445804848484849
1152,0.8323534420579418,0.7549234329836827
1153,0.8407704234654239,0.8321835377816632
1154,0.872822079365079,0.7714260407647913
1155,0.7951293333333332,0.6297919999999997
1156,0.8648263827561321,0.6850993068181821
1157,0.8374627329059823,0.8430549702797204
1158,0.8563015214507719,0.7722225246322303
1159,0.7796748017260516,0.6961447284382285
1160,0.8348760830835832,0.7553238910852222
1161,0.9023623333333322,0.721827666666666
1162,0.8471757857975356,0.7428690565725127
1163,0.8526136702741707,0.7393442186147183
1164,0.8915993528138523,0.8360657992742556
1165,0.8314308529526028,0.7508017793040297
1166,0.7609626269841265,0.5925108095238093
1167,0.8305868816461317,0.7698069304723058
1168,0.8631236722444222,0.7557966389345947
1169,0.8185185915750917,0.7696740282217784
1170,0.8688939356476854,0.7433204814213566
1171,0.7976645314962814,0.7177849070831134
1172,0.7741779025419028,0.7214697060717061
1173,0.8310008333333333,0.7131175000000003
1174,0.7990818095238104,0.6679658095238107
1175,0.8239681272893773,0.6598651181041185
1176,0.7903404400599401,0.7509832845349095
1177,0.8476315833333331,0.7780244444444446
1178,0.8837210875235877,0.6923726118326123
1179,0.8366188724053727,0.7357698293969105
1180,0.8534382726717727,0.712809146908647
1181,0.8572539437506945,0.77110469872203
1182,0.9245337499999998,0.879065
1183,0.8591453164058163,0.5902315303169051
1184,0.8826604202464198,0.68936899886633
1185,0.7931220557220557,0.7218226925296928
1186,0.8954780717615722,0.8590250525585528
1187,0.8242845833333331,0.7482986111111112
1188,0.8604453730991236,0.7719948835233393
1189,0.836796988761239,0.784351970737596
1190,0.7757619285714286,0.6970592500000002
1191,0.9040556666666656,0.7271976666666659
1192,0.8770912610445107,0.763797318722944
1193,0.8449719789377284,0.7554291788073038
1194,0.8612601498778997,0.7247747413183226
1195,0.8549300570263079,0.7593662418414919
1196,0.8709504859307359,0.8134934169302924
1197,0.8642213653013655,0.7077652705627706
1198,0.8448586666666671,0.7404404444444447
1199,0.8476092712287719,0.7370252139804647
1200,0.8684244920634926,0.7654565105450096
1201,0.8759418095238095,0.7397463014069265
1202,0.8008797342657344,0.7464339833401893
1203,0.8726732424242424,0.71954468975469
1204,0.9066810000000004,0.7917789999999998
1205,0.8128266388888891,0.7603912411616163
1206,0.8443704910644909,0.7737401988289488
1207,0.7899684808247315,0.8165736009684759
1208,0.8820992808857815,0.7634202882395382
1209,0.8882101666666667,0.5465406666666666
1210,0.8628439066489072,0.6031584769299327
1211,0.7431326468253973,0.7297681746031743
1212,0.8345133182928184,0.7247642943167942
1213,0.871413197330447,0.7635303282828283
1214,0.8178849166666667,0.7670209722222222
1215,0.8617079832667329,0.7470736899350651
1216,0.8367302176434673,0.7700875773572834
1217,0.864940583333334,0.7319624999999997
1218,0.8164124005716501,0.6329463770673762
1219,0.8428689269341768,0.7507335258352758
1220,0.8872466736041739,0.7633831443556446
1221,0.7854499166666669,0.647175416666667
1222,0.7986018809523813,0.6507943571428573
1223,0.8437353280330782,0.759849572903404
1224,0.8854295757575761,0.8342300173160174
1225,0.84027389957265,0.7230294771241834
1226,0.7892510037462536,0.7373187656828462
1227,0.8642545376012878,0.8089460835594146
1228,0.8907362820512823,0.7085396800976802
1229,0.8001990061050059,0.6963005641303144
1230,0.9082766666666666,0.7944066666666668
1231,0.8560167896825395,0.6599554772727276
1232,0.8245214374791879,0.7273500480532534
1233,0.8839103030303036,0.852410582824039
1234,0.8618079426684431,0.7759879442126502
1235,0.8558021156621147,0.5981128872655118
1236,0.8745164661172161,0.8753021289584598
1237,0.8626026998556996,0.7908033483877233
1238,0.8868456666666655,0.719857666666666
1239,0.8663844597624597,0.8137198665958231
1240,0.8329238182095682,0.7486555881479636
1241,0.8559401748251747,0.6772307318139376
1242,0.8418688333333342,0.5903606666666662
1243,0.8691976324786327,0.806032370546121
1244,0.8802244832667333,0.7245272790404041
1245,0.8520068098845599,0.7985705487012988
1246,0.8629431439393938,0.5803376838578085
1247,0.8035127330447335,0.7129058252482809
1248,0.8444036153846162,0.7499238723776227
1249,0.9062885372405372,0.8719908594501902
1250,0.8771016230158731,0.786142377251833
1251,0.8177655000000003,0.6131080000000003
1252,0.8236399327616816,0.5392295858585855
1253,0.8979167289377287,0.8265738739495803
1254,0.845153416666667,0.7519694166666672
1255,0.885684366883117,0.8111114013666072
1256,0.8257799065101562,0.7524081200645757
1257,0.8484100876068374,0.7512483547008547
1258,0.875853207792208,0.7985123556998562
1259,0.825717378177378,0.7693145940073001
1260,0.8727738290875793,0.7880676956654458
1261,0.8353510865245868,0.7506936022311024
1262,0.7894393253968254,0.6532711406926411
1263,0.8328723376623376,0.7594603923160175
1264,0.8736257365967361,0.8741504728049732
1265,0.871033333333333,0.6107458333333333
1266,0.8493434473304475,0.790610285704492
1267,0.9236196403318904,0.8473286038961038
1268,0.8259357564657565,0.7226131353785106
1269,0.8455222857142851,0.6986324761904761
1270,0.8631013363025858,0.5749738832001328
1271,0.816040570818071,0.7068262527472529
1272,0.8281102008269505,0.6455400978049726
1273,0.8230669444444441,0.6699038888888889
1274,0.8193534702797204,0.7625248305207866
1275,0.8647757458374957,0.7520483285464536
1276,0.8675389261294261,0.7630887735042736
1277,0.8338247823565327,0.7570558001859257
1278,0.9036124039016541,0.7430864982517487
1279,0.8367769841269836,0.7259633333333332
1280,0.7546600000000002,0.7948366666666671
1281,0.8770491780719276,0.7406262162698415
1282,0.8469325557775553,0.6509560930735931
1283,0.7653221824009324,0.7926847196969695
1284,0.840398833333333,0.6464804166666667
1285,0.8496983809523807,0.7258307142857148
1286,0.7938854578754581,0.778221886446887
1287,0.852294485819736,0.7186090367867425
1288,0.8680744866522369,0.6156184291443846
1289,0.8591980493672996,0.8004585272782778
1290,0.9065855555555552,0.8174791666666664
1291,0.8963383134920629,0.8149472500000003
1292,0.7511574324009325,0.8011047196969696
1293,0.9220675476190477,0.865569976190476
1294,0.8289798370795874,0.7608348928473485
1295,0.846456313797314,0.7376896948884454
1296,0.7664602616272611,0.6621769596139153
1297,0.8273214285714279,0.567838571428571
1298,0.8685953096903104,0.7391423441460503
1299,0.9341614050671552,0.788914102203352
1300,0.7675069761904765,0.7404866428571434
1301,0.8750822729492725,0.7527389772727274
1302,0.8543089503274505,0.7665306982641544
1303,0.8383555912975911,0.7269548427544682
1304,0.7832309841269839,0.6694970000000001
1305,0.8233839013209014,0.7951572780969031
1306,0.852443763375513,0.7012273127607691
1307,0.8247499999999995,0.6031499999999996
1308,0.7984938582251084,0.7140404669913424
1309,0.8790444102564101,0.8103406420425984
1310,0.8613244024586524,0.7012057606421361
1311,0.8713413785103795,0.7944625984709732
1312,0.9138872373182368,0.7997406800976806
1313,0.8849355951825953,0.8033686417332673
1314,0.8873625693750689,0.7847127400238655
1315,0.8288486025641023,0.7626608762944567
1316,0.8510382222222219,0.7658872460317458
1317,0.8256336334498833,0.7338309669399229
1318,0.9055233888888893,0.8700913333333337
1319,0.8705771176323678,0.8180807988955492
1320,0.7817855591908089,0.6893572772227773
1321,0.9101826666666665,0.7980503333333333
1322,0.9014256666666653,0.7275476666666658
1323,0.8114998917748915,0.7548320205627705
1324,0.8742864321789325,0.8232008685383245
1325,0.7664680833333328,0.6528112916666664
1326,0.8681590732323236,0.8096438858543417
1327,0.8471804761904762,0.6367664761904761
1328,0.8653612605727605,0.7301089772172277
1329,0.8510790440392939,0.7598069104824916
1330,0.9182025476190476,0.862549976190476
1331,0.9055233888888893,0.8700913333333337
1332,0.8774178333333333,0.8458842424242424
1333,0.8227917857142855,0.7098189285714285
1334,0.8063148488733489,0.6681255839160839
1335,0.8538007614330115,0.8276445639776894
1336,0.8758222559940058,0.733943763888889
1337,0.8285591935286939,0.74168752388298
1338,0.8414179814074817,0.7548127243312241
1339,0.838942857142857,0.7515757142857147
1340,0.7682660000000004,0.7984673333333336
1341,0.9004256666666655,0.7264876666666659
1342,0.7591467884615385,0.81258
1343,0.8808831618381622,0.7313977433261185
1344,0.860467308441559,0.791782
1345,0.8425737301587303,0.7541557579365079
1346,0.7677163333333337,0.7635493333333341
1347,0.8384852712287718,0.7533762931969996
1348,0.8360524649794653,0.7342110870697934
1349,0.8635113321123324,0.7968426859529363
1350,0.8650786735209234,0.7690995990578058
1351,0.8848172364024864,0.8379782243353056
1352,0.8766066053391054,0.7788689824064826
1353,0.8526279472749476,0.7699885316807373
1354,0.8800467063492063,0.7252191666666667
1355,0.8363510592740592,0.7605101619254927
1356,0.8765155009435004,0.7291954550865802
1357,0.8591137806637815,0.7384693225108228
1358,0.8301825336607839,0.7965882401111963
1359,0.8476025464812964,0.7939909892607393
1360,0.8685148917748926,0.7825553213355276
1361,0.8835364260461757,0.7464762646103899
1362,0.8608165243367745,0.7946895080932146
1363,0.7797468333333333,0.6423194999999999
1364,0.8758477237484746,0.8346426341297591
1365,0.8823486020923522,0.7319838598484851
1366,0.8694804578754578,0.7800929473859475
1367,0.8564252976190475,0.7750866758241759
1368,0.8455430684315682,0.746502025783857
1369,0.8151506917804419,0.7281201493922747
1370,0.8420330833333334,0.7794538133116886
1371,0.8367553255078256,0.7461477547215858
1372,0.8438445148185161,0.6272894722124284
1373,0.8406553268398266,0.650696853896104
1374,0.8667620646020647,0.7728834905788656
1375,0.8552844119214117,0.8053993119837679
1376,0.8834246418858921,0.8584330726218228
1377,0.872504994810745,0.6953022142857138
1378,0.8877453333333333,0.818477277777778
1379,0.853872150876901,0.7755028190420693
1380,0.8570673205128208,0.814248294871795
1381,0.8533696666666661,0.6689391428571431
1382,0.811952294733045,0.6422366616161619
1383,0.8337815970695971,0.7012677263153507
1384,0.8031253333333339,0.7145630000000002
1385,0.8395355202297702,0.7595871790015548
1386,0.8938340328282836,0.8562154393939402
1387,0.8460637046287047,0.7239188836163835
1388,0.8373893030303031,0.7740291780303032
1389,0.8713413785103795,0.7944625984709732
1390,0.8119935645188147,0.7850671252636251
1391,0.8890997383172383,0.7325676444805198
1392,0.896597987012987,0.7050789870129874
1393,0.8726079642857141,0.7597221834733893
1394,0.8580322507492508,0.7707562142759206
1395,0.8893176536796539,0.8273154848484852
1396,0.8722681141636143,0.796096143495394
1397,0.8821604327616827,0.7626145025252526
1398,0.8512576190476192,0.7819914285714286
1399,0.8181899999999998,0.7994100000000001
1400,0.9365481071428567,0.9494784572829134
1401,0.8431719898712394,0.7820376510474819
1402,0.8294146476301478,0.6999905895077149
1403,0.8784515617160625,0.8811372815240319
1404,0.8776727777777773,0.8309870472582973
1405,0.85128547044622,0.7590376520979024
1406,0.8339415909090913,0.7793317348484845
1407,0.8451217529692531,0.7671913189588192
1408,0.8851736666666654,0.7348750952380944
1409,0.7871698650793649,0.4997943809523804
1410,0.8848705887445883,0.7806241313686307
1411,0.8458669246031749,0.7165378430735934
1412,0.8794613243145742,0.7933054524960332
1413,0.8364394204406704,0.7582694909298219
1414,0.8830299816849818,0.7373533980463978
1415,0.798289023809524,0.6474861883116884
1416,0.9243042857142862,0.8289114285714286
1417,0.8672527380952377,0.6533317142857149
1418,0.8843067452824951,0.8526934846819847
1419,0.8376775339105338,0.7571645331890328
1420,0.823767400793651,0.7672288809523807
1421,0.8689202189199692,0.7460744030414033
1422,0.8339917449772453,0.7163231067682321
1423,0.8356579717504719,0.7577176591227403
1424,0.8546029166666667,0.7589138468614718
1425,0.7902032542735042,0.8234337217643468
1426,0.7894393253968254,0.6532711406926411
1427,0.8905708333333334,0.8038501666666668
1428,0.7624214999999994,0.7670549999999993
1429,0.8753901575091575,0.7277990952380948
1430,0.8413883333333335,0.7696610000000003
1431,0.8485249925907425,0.6913239672549676
1432,0.8558859761904766,0.8207817023809524
1433,0.8500059253246754,0.7476135776764083
1434,0.7705365863025855,0.7102632589771336
1435,0.849502840492841,0.7414166472693973
1436,0.8390763974913975,0.7275974773559767
1437,0.8630647575757577,0.7227168080808082
1438,0.6901350844155842,0.5714220054112557
1439,0.8359978334165836,0.8268966766983019
1440,0.8627790808080811,0.7520319680735933
1441,0.7584718575036075,0.7433431910491471
1442,0.7793253523976026,0.7359474874569873
1443,0.8343422231102231,0.7518340103548415
1444,0.8656495238095238,0.7789757142857145
1445,0.8628593358030863,0.8389666000151813
1446,0.8439267063492067,0.6398519047619049
1447,0.8508933632201129,0.7872816056345614
1448,0.8590146654734151,0.7839491164154473
1449,0.8464932398434898,0.764020611975443
1450,0.849588833333333,0.8369742857142859
1451,0.8584891076701077,0.7537726268176267
1452,0.8718359645077152,0.7785001365758424
1453,0.8423257622655129,0.7526976482267735
1454,0.8584078571428568,0.5730602380952375
1455,0.8679629154456648,0.7747497281746034
1456,0.8597486928626931,0.7828603757672067
1457,0.8064388127150633,0.8181487315046067
1458,0.8113719155844151,0.6723974610389613
1459,0.8289044999999998,0.656639166666666
1460,0.8019927251914751,0.792253342078673
1461,0.8594125990120998,0.8163167380299445
1462,0.8300969690864687,0.7400748286754097
1463,0.8837727846320343,0.592719469155844
1464,0.8452731401098897,0.7727024929000739
1465,0.8345120354645357,0.7599684863233175
1466,0.8316154049006552,0.7590078770673775
1467,0.8645251928904429,0.8174511031509347
1468,0.8647875694860696,0.8183469015151513
1469,0.8408429669219669,0.7889316901570657
1470,0.9055233888888893,0.8700913333333337
1471,0.8521955952380946,0.5470297380952377
1472,0.88260439033189,0.7449087288961042
1473,0.8872772857142853,0.7521680952380955
1474,0.8733755609668106,0.7322238338744591
1475,0.8352185056610061,0.7276446636696641
1476,0.8665719658119662,0.8110260372127877
1477,0.8307196664446664,0.7609032233877232
1478,0.8380667277167281,0.7922663824786328
1479,0.8316127900432897,0.7327080551948048
1480,0.7602398378010878,0.7280172313242317
1481,0.8553749776057277,0.7198358122710625
1482,0.8921600095182588,0.8279419178321682
1483,0.8561496316183821,0.7817159300699303
1484,0.8238135703463209,0.7336374588744587
1485,0.8428839817682321,0.7730252075881636
1486,0.8867895384615383,0.8445100000000003
1487,0.7747677358752356,0.701676296980797
1488,0.8685387023809524,0.7366495535714287
1489,0.8519889314019321,0.7512675228007288
1490,0.8546350566378064,0.7126991583694084
1491,0.8474446125541124,0.6857626158008663
1492,0.8291058477078482,0.7081003400904651
1493,0.8382542221112219,0.7875154318500128
1494,0.8619508318348313,0.8536372347097348
1495,0.7972971432178939,0.8264240777972026
1496,0.8809124603174603,0.8388323888888888
1497,0.8431550228660227,0.7725606772671769
1498,0.8537463658841159,0.7792497612387614
1499,0.8652830768398269,0.7252398338744592
1500,0.7980148937451434,0.7676994639012947
1501,0.8630209058441557,0.7670834468211521
1502,0.8533423196248195,0.7806371713564215
1503,0.8558619038461543,0.7164357913336658
1504,0.9095863333333335,0.7978943333333334
1505,0.9162076759906761,0.8704846829836831
1506,0.8332107442279942,0.7931172932900433
1507,0.8614199999999994,0.8252000000000004
1508,0.8102283186813195,0.7117613626373626
1509,0.8847234499389499,0.7683828012820514
1510,0.7900035670995669,0.5924387943722944
1511,0.7944666480463977,0.6614826939865692
1512,0.8575692599067601,0.6939499474039035
1513,0.83186123931624,0.805084576923077
1514,0.8656914645909647,0.7271316184093686
1515,0.8354459052059048,0.7720907882950381
1516,0.8953786297313802,0.7062165238095247
1517,0.8398565982905989,0.7819335389749139
1518,0.8732907571595073,0.8313714258241756
1519,0.8682921969696974,0.7781962005119064
1520,0.861260598568099,0.7741153941752692
1521,0.8538370970695971,0.7865699279886782
1522,0.8536688075258076,0.7144251722999226
1523,0.8237696901154397,0.7806237570248378
1524,0.8201473426573425,0.7662107226009283
1525,0.8399009391441894,0.7702193366119178
1526,0.8359681658896656,0.7067469048174044
1527,0.8750594540459542,0.8333302601565107
1528,0.7898765227272725,0.6946383282828286
1529,0.7617884285714278,0.7632615714285707
1530,0.8676197510822513,0.8155482673992676
1531,0.8588970054112552,0.7059954967532468
1532,0.8483113333333331,0.757331666666667
1533,0.881251333333333,0.7317926666666671
1534,0.8404952362914859,0.7611913691031195
1535,0.835955451825952,0.7486533408535913
1536,0.911301255411255,0.7557515800865798
1537,0.7945073095238102,0.6726153095238105
1538,0.7969566433566428,0.7365867057109554
1539,0.8490297732267733,0.7594034948523699
1540,0.8665863034188035,0.8396376669857923
1541,0.862838697635698,0.8662135520313025
1542,0.8424056653346652,0.7582188326436636
1543,0.8434246428571431,0.7979634415584418
1544,0.8357944164169165,0.7565347244185555
1545,0.8653613350815845,0.7828574583749588
1546,0.798212347707848,0.7517125908992969
1547,0.833532346625596,0.6530962512210009
1548,0.7867263662726159,0.6120252621822623
1549,0.7797800311077814,0.7276520187769748
1550,0.7675069761904765,0.7404866428571434
1551,0.8324657794427798,0.6562943917748918
1552,0.8435846167721173,0.7481892870185378
1553,0.8750594540459542,0.8333302601565107
1554,0.8631035137917635,0.6886436332556335
1555,0.7949787500000004,0.5146637499999994
1556,0.7772622207792207,0.7308623208874461
1557,0.8553752820512815,0.7456817728937728
1558,0.8523697499999995,0.7597815238413551
1559,0.8499307051282049,0.7681041972055722
1560,0.8346616666666665,0.8097429166666669
1561,0.8657481392773897,0.7624600788141603
1562,0.7902633348595849,0.6978901590256155
1563,0.8544127383172385,0.8047724830349392
1564,0.8452836020368525,0.7455627850107416
1565,0.8296362045177041,0.7361926611484924
1566,0.835505950160951,0.7347856043303105
1567,0.7659147500000002,0.7993719999999999
1568,0.8199211363636358,0.6170266515151517
1569,0.8810545388222887,0.7286274457070709
1570,0.9233334418636923,0.8780402445234506
1571,0.8022659494949493,0.7176097058080806
1572,0.8837513018925519,0.5710520888278388
1573,0.8736545833333327,0.7997138012820507
1574,0.8216528257575751,0.7463613560606057
1575,0.8852283011155511,0.8584291923215676
1576,0.8951242896825399,0.8100403656759909
1577,0.8227794523809522,0.854525095238095
1578,0.7579914999999993,0.7549649999999991
1579,0.8675745972083471,0.7723425372960371
1580,0.8356936363636355,0.5589398181818175
1581,0.847536266955267,0.7516651477272724
1582,0.8801085466200462,0.776514827339327
1583,0.8709984466921966,0.7917554010572764
1584,0.8200183870296371,0.7578613121878124
1585,0.8730451953879451,0.7312880820707073
1586,0.8299079358974353,0.737992585900211
1587,0.8348758834498833,0.7328282034117843
1588,0.8607539870129868,0.7356925324675327
1589,0.8749612424242428,0.8373833261738268
1590,0.852495539044289,0.7899131873959371
1591,0.9203293834221336,0.8700493078033082
1592,0.7731246359890112,0.7528381799450549
1593,0.8497459137806647,0.7579051621572873
1594,0.8357065482850485,0.9005679500222001
1595,0.8179129166666668,0.6313129166666664
1596,0.8420368027805527,0.7611042092670405
1597,0.831618333333333,0.8127999999999997
1598,0.7747887595182597,0.7110484333444336
1599,0.8309462526085026,0.7752048333194586
1600,0.8154152622100126,0.7356450665168167
1601,0.8852939949494947,0.902494313131314
1602,0.8001990061050059,0.6963005641303144
1603,0.8207393333333337,0.8125483333333335
1604,0.8670989761904764,0.7659704761904768
1605,0.8723560808080806,0.6918497943722938
1606,0.8631800292207792,0.7321921991341992
1607,0.8920599999999999,0.7172460000000003
1608,0.8311003933566432,0.7591985769230767
1609,0.8220715027750028,0.8110383743519555
1610,0.8517881617826616,0.6920647506145821
1611,0.8853948470418476,0.8497211266233766
1612,0.8827250000000001,0.75003
1613,0.871494666666666,0.5970086666666667
1614,0.8556034148351651,0.7969833754578758
1615,0.8579269703074704,0.8063846427224736
1616,0.8366188724053727,0.7357698293969105
1617,0.864302337024087,0.7191018813963812
1618,0.7994944332611833,0.6281444004329003
1619,0.876883623626374,0.8133398301004554
1620,0.8012340035797534,0.7013442484737489
1621,0.8824544502441998,0.7368656804208865
1622,0.7813021833999335,0.7293335702810265
1623,0.7990818095238104,0.6679658095238107
1624,0.8740923839216337,0.8052270872085435
1625,0.8423218888888884,0.7554183095238097
1626,0.8100267263569763,0.7567989201076702
1627,0.8713413785103795,0.7944625984709732
1628,0.8759355451770454,0.776528870546121
1629,0.8264492427294924,0.7705203691626997
1630,0.801680000000001,0.6969268333333346
1631,0.819353208097458,0.720511257298257
1632,0.9220675476190477,0.865569976190476
1633,0.927329166666667,0.871659880952381
1634,0.8953857777777776,0.7613045000000003
1635,0.8797296666666665,0.8219500000000002
1636,0.8050698585858582,0.7683519015151515
1637,0.8143030952380951,0.7130517279942277
1638,0.8640354884559881,0.8539521492021055
1639,0.8370718143800646,0.7655204137292447
1640,0.8436888262293262,0.7639061681414993
1641,0.8531543614718611,0.7049918982683979
1642,0.8639265443167945,0.7920455919399226
1643,0.843825094849595,0.7516168134406446
1644,0.856917502275502,0.764727873172579
1645,0.7984197307414802,0.7538604471500725
1646,0.8464923381340883,0.7923138508615569
1647,0.8274408971306474,0.8045314032217783
1648,0.8650842857142852,0.7314530952380952
1649,0.7813005822510821,0.8030920562770564
1650,0.8336516664169166,0.7595287244185555
1651,0.8278995656288152,0.6939505697219444
1652,0.868062756937507,0.8325261986763237
1653,0.8564759816294816,0.545155573190698
1654,0.8703909603174604,0.8298101111111106
1655,0.8281521800976802,0.7837068290598295
1656,0.8438432845765348,0.7789410843502903
1657,0.8377495238095236,0.6978812023809521
1658,0.8397894292929294,0.7317134237567992
1659,0.8348010569985569,0.7745395046897545
1660,0.7997298931623934,0.7632028671785734
1661,0.8729471483516488,0.7253098113830607
1662,0.8420623809523804,0.6503292380952381
1663,0.8617400242535241,0.7685641087009397
1664,0.8400944989177487,0.6915560173160173
1665,0.7971829924242421,0.700682195887446
1666,0.8810856387501391,0.6793799599567109
1667,0.8247370016650015,0.7778064871517372
1668,0.8719618845876344,0.8466525741244052
1669,0.8696798050560547,0.7172458750000001
1670,0.8371168485958485,0.7437658456306767
1671,0.851420787906538,0.7646517364163619
1672,0.8821784523809529,0.8872952380952381
1673,0.8261372237484735,0.7938061881868133
1674,0.8841617616272623,0.8368185613830622
1675,0.7869009999999997,0.7384067083333328
1676,0.8682550820290824,0.7987731790154291
1677,0.7502765855810856,0.6510196270673773
1678,0.8453236645299149,0.6257209871794877
1679,0.7821299166666669,0.6438754166666673
1680,0.8890841483516485,0.8143531800976801
1681,0.8785050277777781,0.750101797619048
1682,0.7725640109890112,0.7572175549450545
1683,0.9003871190476191,0.846772595238095
1684,0.8503375768675768,0.7749798709525767
1685,0.8694842528305028,0.702271123515374
1686,0.8910875199800207,0.7231294845709848
1687,0.8283252601010104,0.7430998420231725
1688,0.8744951111111114,0.7879278888888887
1689,0.8796595716505716,0.7576069381313133
1690,0.8692713007270512,0.7663579718516776
1691,0.8757953792318794,0.7772527156634217
1692,0.8031436944444446,0.6096738333333335
1693,0.8121806480463986,0.7238804297924301
1694,0.8795743836996338,0.6678974621212128
1695,0.7680965753968255,0.7142995238095233
1696,0.8265521865079366,0.7982845235320235
1697,0.7890424618437117,0.7774588369963369
1698,0.8548506417748921,0.7365047132034626
1699,0.8827723253968258,0.8084904603174611
1700,0.8771351165223666,0.8112431098484854
1701,0.8430725877733377,0.747472773841355
1702,0.8732371521811527,0.8326002262737267
1703,0.8220893733211239,0.6968613785103791
1704,0.8728775363247867,0.8636262948717949
1705,0.8492809212176712,0.765909963744589
1706,0.8423158936896437,0.7506016183579495
1707,0.874193026223776,0.81951589860548
1708,0.7675069761904765,0.7404866428571434
1709,0.8452308286713293,0.7499434451145263
1710,0.8475749751914754,0.779009806859807
1711,0.8333071713841715,0.7429797096694155
1712,0.8798084502997,0.8021042560078812
1713,0.7814482380952383,0.7502705476190472
1714,0.8295672147852144,0.7538409557109554
1715,0.8770198858918858,0.7770564913003665
1716,0.8741861499333998,0.7224014457070709
1717,0.8372023015873016,0.7269341379870133
1718,0.8380451210178715,0.7866231753385504
1719,0.7790487196969699,0.8187725681818182
1720,0.8984431786546792,0.7884695893730459
1721,0.868062756937507,0.8325261986763237
1722,0.8654377404817406,0.7686193181818181
1723,0.8714551666666667,0.8094274999999999
1724,0.8744448884726385,0.8162099509934511
1725,0.8596969531024523,0.8881963341380846
1726,0.8365377724775227,0.7039708672756985
1727,0.8594571666666666,0.8041824141414139
1728,0.835832971445222,0.7541673029372589
1729,0.7882651785714287,0.6991013055555554
1730,0.8275536745754247,0.7166289504384505
1731,0.8637774852924859,0.78061895973471
1732,0.8637140861915859,0.8039872277306027
1733,0.8430204458874457,0.6942446991341993
1734,0.8827214603174606,0.8080768809523807
1735,0.8311422222222227,0.7164266666666669
1736,0.8361015755078256,0.7469802547215859
1737,0.8404662943445443,0.7145867801642806
1738,0.8173309999999998,0.6429686666666666
1739,0.8251818055555554,0.5631194166666673
1740,0.8292783100233098,0.7432379557109554
1741,0.8929566142191142,0.7215798181818187
1742,0.8853674038461539,0.5799541826090574
1743,0.8605340252525251,0.7788141371169686
1744,0.8444497215284714,0.7232498656939466
1745,0.825002161227661,0.7819043952991456
1746,0.8134356041181046,0.7419318683163242
1747,0.840565129398379,0.6916919136459946
1748,0.8403196247641247,0.6809368617909872
1749,0.8450612519425025,0.7267029910644917
1750,0.8464950833333335,0.7094883055555553
1751,0.8232471886724386,0.606148541125541
1752,0.8426884791597296,0.7926688342213345
1753,0.8362731587301591,0.7720623333333333
1754,0.9290839577922079,0.9175224426961931
1755,0.8244787896825397,0.8484472988816744
1756,0.881438219197469,0.8225765151515154
1757,0.8506121919191917,0.8499443935786437
1758,0.8972784999999999,0.6042360833333329
1759,0.8233771114163615,0.6980943685897438
1760,0.8162786363636363,0.7570286515151515
1761,0.826574375152625,0.7529482362400673
1762,0.7872407222222231,0.5927021626984134
1763,0.8493842499999996,0.8370069621212124
1764,0.9150834303196809,0.8583471103243161
1765,0.7844012500000003,0.6464287500000004
1766,0.8336904625929626,0.7616220292526102
1767,0.8892032619047622,0.7294795162337668
1768,0.8141984166666668,0.7438181993464054
1769,0.8799784654512153,0.803754193417693
1770,0.8345012715895211,0.6759194194555448
1771,0.8283945014430018,0.6394006883116882
1772,0.9041232964812969,0.8475299831279832
1773,0.7761750072150077,0.5831300793650788
1774,0.8769215252525254,0.5019387348484845
1775,0.8567230000000003,0.7639653333333334
1776,0.837130553862804,0.7517946054680619
1777,0.8349767497502499,0.7603230577518889
1778,0.8393507573260074,0.7570365047215859
1779,0.8123887619047626,0.6244032380952377
1780,0.8471374458874457,0.6961376158008661
1781,0.8859497949550446,0.6966744398420209
1782,0.8323853174603174,0.7204427142857145
1783,0.7849378141580646,0.8254213830197576
1784,0.8362601307026308,0.7567547244185555
1785,0.8472945491452992,0.7070939885392389
1786,0.8311422222222227,0.7164266666666669
1787,0.8341231215728719,0.7379069372294377
1788,0.8657278320290817,0.8268871399058462
1789,0.8976453464868471,0.8515705979020981
1790,0.8713603194305697,0.7800089673006734
1791,0.8678540295815299,0.7459430367312424
1792,0.878674567765568,0.8891346375291376
1793,0.8883234857919858,0.7207160005411256
1794,0.874031063492064,0.8557979772727278
1795,0.806816931235431,0.6976439075826133
1796,0.8599562393439899,0.8055126096444412
1797,0.8345120354645357,0.7599684863233175
1798,0.8900806526251525,0.7449695134489694
1799,0.9220675476190477,0.865569976190476
1800,0.8725652783050281,0.7969498521062274
1801,0.8412200495060492,0.7633067190309687
1802,0.7754720634920641,0.5254514285714288
1803,0.8631699700577197,0.7078071482683987
1804,0.8366188724053727,0.7357698293969105
1805,0.7984197307414802,0.7538604471500725
1806,0.8557072049062046,0.8442792825230326
1807,0.8708173222333221,0.752257424825175
1808,0.8752216687201685,0.7911006415847227
1809,0.8632654071761572,0.8210399700340516
1810,0.8062357039627039,0.784295014874015
1811,0.8485253356088357,0.7483701780621341
1812,0.8711985611888118,0.910708224164724
1813,0.8401128913863914,0.750263623685955
1814,0.8696455952380953,0.7470199184606245
1815,0.9027469137529139,0.8489667958707962
1816,0.8349485949883448,0.7780212233460989
1817,0.8428643322510824,0.7612684257409259
1818,0.8844118896103901,0.8483073080808085
1819,0.8517668442668438,0.8199143316030378
1820,0.823508035076035,0.7407548152819406
1821,0.8505887386224887,0.8118878389706701
1822,0.7902964436674443,0.8121387760572759
1823,0.8360283092740591,0.7587821172756984
1824,0.8468363137973139,0.7376896948884454
1825,0.8384252138139636,0.7499553461399714
1826,0.8242232546897549,0.8221409628427128
1827,0.8193016695526697,0.633746746753247
1828,0.8287430970695974,0.8239634222485032
1829,0.8565898106338107,0.5419543264929514
1830,0.8111918333333336,0.7498720000000002
1831,0.8843321778776783,0.819959156524032
1832,0.8469835182040181,0.781268021769897
1833,0.8468046554279054,0.7823512664973917
1834,0.8195265168165164,0.6670953308080806
1835,0.709938524475524,0.7625637764180262
1836,0.8264445036907538,0.7407834539072039
1837,0.9123124296536802,0.8737153181818182
1838,0.8164979373959375,0.6986690410839163
1839,0.8238135703463209,0.7336374588744587
1840,0.8303800772838279,0.7502717966755468
1841,0.881251333333333,0.7317926666666671
1842,0.8722790442335444,0.8204164165181227
1843,0.8232812309634809,0.7114687241647241
1844,0.7844755000000002,0.7909953333333337
1845,0.816293965811966,0.6466527179487178
1846,0.8413592034354537,0.762516541074122
1847,0.8438445148185161,0.6272894722124284
1848,0.8278357777777781,0.7895280000000001
1849,0.8520442525252525,0.7110247575757572
1850,0.8342106088078589,0.7767526988052798
1851,0.8550519240481745,0.7154661103243154
1852,0.8512261417748911,0.7594488566017319
1853,0.7842233607503608,0.7217418589466092
1854,0.8642015476190475,0.773684880952381
1855,0.8505149517704517,0.7797890606378918
1856,0.8734475212842716,0.8516352913377474
1857,0.8919416666666667,0.664841385281386
1858,0.8592164335664338,0.7839430711649465
1859,0.88260439033189,0.7449087288961042
1860,0.8100044836552341,0.7374722593697155
1861,0.8589178571428568,0.6190302380952374
1862,0.8343476858141861,0.7525285912184222
1863,0.8411109268786767,0.7426133330044141
1864,0.8435977948995447,0.7697905017800827
1865,0.9141255129870133,0.8677606515151517
1866,0.918445025252526,0.767683246753247
1867,0.8576801604784108,0.791782971722722
1868,0.8428407259407258,0.7626249744185556
1869,0.8208942734765234,0.674419100246975
1870,0.8377495238095236,0.6978812023809521
1871,0.886014416444667,0.8207574658119657
1872,0.8842059696969704,0.8819147053502059
1873,0.840189925074925,0.7393909287518039
1874,0.8662162567155063,0.6430397997737556
1875,0.845737866106116,0.7309638171730235
1876,0.8186524197191702,0.7024167572607135
1877,0.8866638502886006,0.7624089170829171
1878,0.8225661696359198,0.5254773188102749
1879,0.8491451190476192,0.6317064285714287
1880,0.8886236951936948,0.769778939675521
1881,0.8672709498557002,0.8020358043247604
1882,0.8512986717171722,0.7279552423271172
1883,0.8528825392662895,0.800325824748781
1884,0.8487755109057612,0.7690583352758352
1885,0.8647103333333332,0.6605920000000002
1886,0.8700336472693977,0.7484461426392233
1887,0.8531590555555557,0.7215616666666668
1888,0.8542293694361187,0.7586562227535539
1889,0.86606860014985,0.7147504154040404
1890,0.7540648333333335,0.7200855000000002
1891,0.8084900855810855,0.6991568329587077
1892,0.8507124385614391,0.77264888437951
1893,0.8596497752525262,0.7452092368644432
1894,0.8033489020146525,0.6908627376373623
1895,0.8453170123487631,0.7063978059065111
1896,0.8519221978576975,0.7358801727439226
1897,0.8430000331335336,0.7640610738566991
1898,0.8366006664169165,0.7573859744185555
1899,0.8770912610445107,0.763797318722944
1900,0.8207377272727275,0.7172422727272731
1901,0.8738283575036077,0.6889717591060907
1902,0.8607243333333332,0.7454896666666667
1903,0.8494899526862031,0.7478230040972104
1904,0.8679629154456648,0.7747497281746034
1905,0.8669752675380171,0.7513821183261185
1906,0.8459313482073482,0.7669973708693267
1907,0.8280819573204572,0.7520363828810084
1908,0.8921423333333334,0.5203103333333329
1909,0.8767668416305913,0.7181343544372295
1910,0.8438228033910536,0.7579771097236098
1911,0.8490205293317793,0.8063691467698972
1912,0.7975926705794203,0.6533770585566394
1913,0.8403861666666669,0.8090688333333337
1914,0.8675389261294261,0.7630887735042736
1915,0.857812675990676,0.77490889916048
1916,0.8800413760128762,0.8397153329211643
1917,0.8461421446331444,0.8207982026347839
1918,0.8506426327838834,0.7128188146477697
1919,0.8404327499999998,0.7388299166666671
1920,0.8557099285159285,0.7929056918816483
1921,0.8609560000000005,0.7969533333333334
1922,0.8478977486679986,0.7767340211357271
1923,0.8795333061660554,0.7219386863732676
1924,0.838191216894217,0.7671389032217785
1925,0.8357944164169165,0.7565347244185555
1926,0.8352253405760905,0.7951796239079552
1927,0.8631067857142858,0.8033403452380954
1928,0.8781013654401151,0.7527548603896105
1929,0.825902914085914,0.6397802237484732
1930,0.8635507449494952,0.8293694609459172
1931,0.848662005494505,0.5391554816849813
1932,0.8242274733044732,0.7692413261183257
1933,0.8853881246808742,0.7488549507575759
1934,0.8274496988566991,0.7965359132574945
1935,0.8694858931623933,0.7199605989010984
1936,0.8457733333333333,0.7354527777777782
1937,0.7965764304584303,0.7924793334761645
1938,0.8269673452380956,0.8106696522366527
1939,0.9182720833333334,0.85455225
1940,0.8783525000000003,0.822898
1941,0.8139510270840269,0.6323563962981469
1942,0.9220675476190477,0.865569976190476
1943,0.8526391906981914,0.7773504485791989
1944,0.8544008233155735,0.7630648391608394
1945,0.8823266464646471,0.7055952511377522
1946,0.8647405718725717,0.7969890154192215
1947,0.8315366190476193,0.6502364285714286
1948,0.8250247484182489,0.7110959084249088
1949,0.8341349999999997,0.7898500000000002
1950,0.8061170317460318,0.6397820216450217
1951,0.8236513823398828,0.7163341334955898
1952,0.9155716666666671,0.859225
1953,0.8568622399822396,0.6379072461190768
1954,0.7921680476190481,0.558433412698412
1955,0.8370718143800646,0.7655204137292447
1956,0.8401895396825403,0.7076786666666668
1957,0.8746982557165057,0.7747731124569878
1958,0.8488863400488406,0.7461452261904761
1959,0.8859825793650795,0.7859861190476194
1960,0.8288036699134195,0.7450132121212119
1961,0.8793815800588305,0.8132378961496022
1962,0.8366188724053727,0.7357698293969105
1963,0.8596618766233768,0.7661093866590921
1964,0.8684856798756797,0.6860939090909097
1965,0.8586138131590628,0.79289814506327
1966,0.8854522612110115,0.7582078994893997
1967,0.873066852258852,0.8383445702394016
1968,0.815927224053724,0.6472203093850591
1969,0.8193568346375847,0.7066541836676399
1970,0.8441470881340881,0.7566124062367373
1971,0.8488957037962039,0.768385213786214
1972,0.8453512279387284,0.7695708724094535
1973,0.8823878195970697,0.807460882801839
1974,0.7770247727272729,0.7538941655844156
1975,0.8490368106060606,0.7662399262167569
1976,0.8353072297702292,0.7572484234140046
1977,0.8166549104229104,0.7558522505729567
1978,0.9203293834221336,0.8700493078033082
1979,0.7963972738095244,0.7041184107142858
1980,0.8232717871572869,0.7537273430735929
1981,0.9024131666666654,0.7552459999999992
1982,0.8271137275779781,0.6600302083749584
1983,0.8114195332167827,0.8541325227688978
1984,0.8560922845765346,0.7366196813603065
1985,0.8215968055555558,0.6877018253968259
1986,0.8740785039127542,0.7111082663725168
1987,0.8380154905927406,0.768525903055278
1988,0.8273838333333334,0.708252
1989,0.8702492271339772,0.7889402688977691
1990,0.8293680609113112,0.7023765927960929
1991,0.837748693889444,0.7566090470542531
1992,0.8474644627872128,0.5544001885753134
1993,0.8832018653846156,0.7806517686659751
1994,0.8406249999999993,0.5434651666666663
1995,0.840398833333333,0.6464804166666667
1996,0.8409143253413253,0.8345250944513003
1997,0.8608689498557004,0.7493329169621221
1998,0.7710758653846151,0.713031201923077
1999,0.857137619047619,0.7625670952380953
